{"cameraMode":{"drawMode":0,"name":"Shaded","section":"Shading Mode"},"sceneLighting":true,"audioPlay":false,"sceneViewState":{"showFog":true,"showMaterialUpdate":false,"showSkybox":true,"showFlares":true,"showImageEffects":true,"showParticleSystems":true},"in2DMode":false,"pivot":{"x":-6.8332414627075199,"y":1.4712157249450684,"z":-6.847740650177002},"rotation":{"x":0.05403114855289459,"y":-0.8497767448425293,"z":0.08912096172571182,"w":0.5169522762298584},"size":7.904726028442383,"orthographic":false}