{"cameraMode":{"drawMode":0,"name":"Shaded","section":"Shading Mode"},"sceneLighting":false,"audioPlay":false,"sceneViewState":{"showFog":true,"showMaterialUpdate":false,"showSkybox":false,"showFlares":true,"showImageEffects":true,"showParticleSystems":true},"in2DMode":false,"pivot":{"x":0.7665602564811707,"y":1.2381725311279297,"z":0.08401048928499222},"rotation":{"x":-0.26781296730041506,"y":0.6821416020393372,"z":-0.29966968297958376,"w":-0.6116007566452026},"size":0.6858921051025391,"orthographic":false}