{"cameraMode":{"drawMode":0,"name":"Shaded","section":"Shading Mode"},"sceneLighting":true,"audioPlay":false,"sceneViewState":{"showFog":true,"showMaterialUpdate":false,"showSkybox":true,"showFlares":true,"showImageEffects":true,"showParticleSystems":true},"in2DMode":false,"pivot":{"x":-9.404534339904786,"y":-0.2965189814567566,"z":0.5350046157836914},"rotation":{"x":-0.13015857338905335,"y":0.6609689593315125,"z":-0.1177448183298111,"w":-0.7298324704170227},"size":13.057332992553711,"orthographic":false}