{"cameraMode":{"drawMode":0,"name":"Shaded","section":"Shading Mode"},"sceneLighting":true,"audioPlay":false,"sceneViewState":{"showFog":true,"showMaterialUpdate":false,"showSkybox":true,"showFlares":true,"showImageEffects":true,"showParticleSystems":true},"in2DMode":false,"pivot":{"x":-3.2566375732421877,"y":-0.8863315582275391,"z":4.152287006378174},"rotation":{"x":0.15535515546798707,"y":-0.6902388334274292,"z":0.14080598950386048,"w":0.6938783526420593},"size":12.262043952941895,"orthographic":false}