{"cameraMode":{"drawMode":0,"name":"Shaded","section":"Shading Mode"},"sceneLighting":false,"audioPlay":false,"sceneViewState":{"showFog":true,"showMaterialUpdate":false,"showSkybox":false,"showFlares":true,"showImageEffects":true,"showParticleSystems":true},"in2DMode":false,"pivot":{"x":12.021401405334473,"y":-0.7055894136428833,"z":-6.439909934997559},"rotation":{"x":-0.17727501690387727,"y":-0.7016292214393616,"z":0.1867656260728836,"w":-0.6646116375923157},"size":6.969864368438721,"orthographic":false}