{"cameraMode":{"drawMode":0,"name":"Shaded","section":"Shading Mode"},"sceneLighting":true,"audioPlay":false,"sceneViewState":{"showFog":true,"showMaterialUpdate":false,"showSkybox":true,"showFlares":true,"showImageEffects":true,"showParticleSystems":true},"in2DMode":false,"pivot":{"x":-17.915206909179689,"y":-0.8102648258209229,"z":4.917296409606934},"rotation":{"x":0.06732752919197083,"y":-0.586847722530365,"z":0.04905302822589874,"w":0.8054072856903076},"size":26.088050842285158,"orthographic":false}