{"cameraMode":{"drawMode":0,"name":"Shaded","section":"Shading Mode"},"sceneLighting":true,"audioPlay":false,"sceneViewState":{"showFog":true,"showMaterialUpdate":false,"showSkybox":true,"showFlares":true,"showImageEffects":true,"showParticleSystems":true},"in2DMode":false,"pivot":{"x":-15.316899299621582,"y":-5.373205661773682,"z":-0.48263466358184817},"rotation":{"x":-0.1335998922586441,"y":0.7121826410293579,"z":-0.14168323576450349,"w":-0.675146222114563},"size":22.0,"orthographic":false}