{"cameraMode":{"drawMode":0,"name":"Shaded","section":"Shading Mode"},"sceneLighting":true,"audioPlay":false,"sceneViewState":{"showFog":true,"showMaterialUpdate":false,"showSkybox":true,"showFlares":true,"showImageEffects":true,"showParticleSystems":true},"in2DMode":false,"pivot":{"x":-32.00802230834961,"y":-11.113262176513672,"z":3.706498384475708},"rotation":{"x":-0.1406058967113495,"y":0.685836672782898,"z":-0.13897527754306794,"w":-0.7011529207229614},"size":37.54758071899414,"orthographic":false}